payload_size_bytes,comparison,n,hybrid_mean_ms,other_mean_ms,difference_ms,wilcoxon_W,p_value,cohens_d,significant_at_0.05
30,hybrid_vs_tls,490,3.276618979591837,7.456853469387754,-4.180234489795917,7043.0,2.51928185390431e-64,-1.1119181202108437,True
30,hybrid_vs_laid,490,3.276618979591837,2.8897800000000005,0.38683897959183655,52446.5,0.014060121413625615,0.1197222803932342,True
256,hybrid_vs_tls,490,3.0311442857142863,7.090155510204081,-4.059011224489795,4297.0,5.9305539083011835e-71,-1.6779536947965024,True
256,hybrid_vs_laid,490,3.0311442857142863,2.8993677551020407,0.1317765306122456,43312.0,7.936476607526898e-08,0.050910571710137145,True
1024,hybrid_vs_tls,490,3.3658777551020407,6.80434306122449,-3.438465306122449,8087.0,6.825996757431572e-62,-1.1598789760070443,True
1024,hybrid_vs_laid,490,3.3658777551020407,3.1508151020408164,0.2150626530612243,45132.5,1.684189033538824e-06,0.06608170859601468,True
